filename,page_type,city,state,url
traffic-ticket-help-miami-fl.html,Traffic Ticket Help,Miami,FL,https://ticketcleaning.com/traffic-ticket-help-miami-fl.html
speeding-ticket-help-miami-fl.html,Speeding Ticket Help,Miami,FL,https://ticketcleaning.com/speeding-ticket-help-miami-fl.html
traffic-ticket-help-fort-lauderdale-fl.html,Traffic Ticket Help,Fort Lauderdale,FL,https://ticketcleaning.com/traffic-ticket-help-fort-lauderdale-fl.html
speeding-ticket-help-fort-lauderdale-fl.html,Speeding Ticket Help,Fort Lauderdale,FL,https://ticketcleaning.com/speeding-ticket-help-fort-lauderdale-fl.html
traffic-ticket-help-west-palm-beach-fl.html,Traffic Ticket Help,West Palm Beach,FL,https://ticketcleaning.com/traffic-ticket-help-west-palm-beach-fl.html
speeding-ticket-help-west-palm-beach-fl.html,Speeding Ticket Help,West Palm Beach,FL,https://ticketcleaning.com/speeding-ticket-help-west-palm-beach-fl.html
traffic-ticket-help-orlando-fl.html,Traffic Ticket Help,Orlando,FL,https://ticketcleaning.com/traffic-ticket-help-orlando-fl.html
speeding-ticket-help-orlando-fl.html,Speeding Ticket Help,Orlando,FL,https://ticketcleaning.com/speeding-ticket-help-orlando-fl.html
traffic-ticket-help-tampa-fl.html,Traffic Ticket Help,Tampa,FL,https://ticketcleaning.com/traffic-ticket-help-tampa-fl.html
speeding-ticket-help-tampa-fl.html,Speeding Ticket Help,Tampa,FL,https://ticketcleaning.com/speeding-ticket-help-tampa-fl.html
traffic-ticket-help-jacksonville-fl.html,Traffic Ticket Help,Jacksonville,FL,https://ticketcleaning.com/traffic-ticket-help-jacksonville-fl.html
speeding-ticket-help-jacksonville-fl.html,Speeding Ticket Help,Jacksonville,FL,https://ticketcleaning.com/speeding-ticket-help-jacksonville-fl.html
traffic-ticket-help-st-petersburg-fl.html,Traffic Ticket Help,St Petersburg,FL,https://ticketcleaning.com/traffic-ticket-help-st-petersburg-fl.html
speeding-ticket-help-st-petersburg-fl.html,Speeding Ticket Help,St Petersburg,FL,https://ticketcleaning.com/speeding-ticket-help-st-petersburg-fl.html
traffic-ticket-help-naples-fl.html,Traffic Ticket Help,Naples,FL,https://ticketcleaning.com/traffic-ticket-help-naples-fl.html
speeding-ticket-help-naples-fl.html,Speeding Ticket Help,Naples,FL,https://ticketcleaning.com/speeding-ticket-help-naples-fl.html
traffic-ticket-help-fort-myers-fl.html,Traffic Ticket Help,Fort Myers,FL,https://ticketcleaning.com/traffic-ticket-help-fort-myers-fl.html
speeding-ticket-help-fort-myers-fl.html,Speeding Ticket Help,Fort Myers,FL,https://ticketcleaning.com/speeding-ticket-help-fort-myers-fl.html
traffic-ticket-help-sarasota-fl.html,Traffic Ticket Help,Sarasota,FL,https://ticketcleaning.com/traffic-ticket-help-sarasota-fl.html
speeding-ticket-help-sarasota-fl.html,Speeding Ticket Help,Sarasota,FL,https://ticketcleaning.com/speeding-ticket-help-sarasota-fl.html
traffic-ticket-help-houston-tx.html,Traffic Ticket Help,Houston,TX,https://ticketcleaning.com/traffic-ticket-help-houston-tx.html
speeding-ticket-help-houston-tx.html,Speeding Ticket Help,Houston,TX,https://ticketcleaning.com/speeding-ticket-help-houston-tx.html
traffic-ticket-help-dallas-tx.html,Traffic Ticket Help,Dallas,TX,https://ticketcleaning.com/traffic-ticket-help-dallas-tx.html
speeding-ticket-help-dallas-tx.html,Speeding Ticket Help,Dallas,TX,https://ticketcleaning.com/speeding-ticket-help-dallas-tx.html
traffic-ticket-help-austin-tx.html,Traffic Ticket Help,Austin,TX,https://ticketcleaning.com/traffic-ticket-help-austin-tx.html
speeding-ticket-help-austin-tx.html,Speeding Ticket Help,Austin,TX,https://ticketcleaning.com/speeding-ticket-help-austin-tx.html
traffic-ticket-help-san-antonio-tx.html,Traffic Ticket Help,San Antonio,TX,https://ticketcleaning.com/traffic-ticket-help-san-antonio-tx.html
speeding-ticket-help-san-antonio-tx.html,Speeding Ticket Help,San Antonio,TX,https://ticketcleaning.com/speeding-ticket-help-san-antonio-tx.html
traffic-ticket-help-fort-worth-tx.html,Traffic Ticket Help,Fort Worth,TX,https://ticketcleaning.com/traffic-ticket-help-fort-worth-tx.html
speeding-ticket-help-fort-worth-tx.html,Speeding Ticket Help,Fort Worth,TX,https://ticketcleaning.com/speeding-ticket-help-fort-worth-tx.html
traffic-ticket-help-el-paso-tx.html,Traffic Ticket Help,El Paso,TX,https://ticketcleaning.com/traffic-ticket-help-el-paso-tx.html
speeding-ticket-help-el-paso-tx.html,Speeding Ticket Help,El Paso,TX,https://ticketcleaning.com/speeding-ticket-help-el-paso-tx.html
traffic-ticket-help-plano-tx.html,Traffic Ticket Help,Plano,TX,https://ticketcleaning.com/traffic-ticket-help-plano-tx.html
speeding-ticket-help-plano-tx.html,Speeding Ticket Help,Plano,TX,https://ticketcleaning.com/speeding-ticket-help-plano-tx.html
traffic-ticket-help-arlington-tx.html,Traffic Ticket Help,Arlington,TX,https://ticketcleaning.com/traffic-ticket-help-arlington-tx.html
speeding-ticket-help-arlington-tx.html,Speeding Ticket Help,Arlington,TX,https://ticketcleaning.com/speeding-ticket-help-arlington-tx.html
traffic-ticket-help-corpus-christi-tx.html,Traffic Ticket Help,Corpus Christi,TX,https://ticketcleaning.com/traffic-ticket-help-corpus-christi-tx.html
speeding-ticket-help-corpus-christi-tx.html,Speeding Ticket Help,Corpus Christi,TX,https://ticketcleaning.com/speeding-ticket-help-corpus-christi-tx.html
traffic-ticket-help-lubbock-tx.html,Traffic Ticket Help,Lubbock,TX,https://ticketcleaning.com/traffic-ticket-help-lubbock-tx.html
speeding-ticket-help-lubbock-tx.html,Speeding Ticket Help,Lubbock,TX,https://ticketcleaning.com/speeding-ticket-help-lubbock-tx.html
traffic-ticket-help-los-angeles-ca.html,Traffic Ticket Help,Los Angeles,CA,https://ticketcleaning.com/traffic-ticket-help-los-angeles-ca.html
speeding-ticket-help-los-angeles-ca.html,Speeding Ticket Help,Los Angeles,CA,https://ticketcleaning.com/speeding-ticket-help-los-angeles-ca.html
traffic-ticket-help-san-diego-ca.html,Traffic Ticket Help,San Diego,CA,https://ticketcleaning.com/traffic-ticket-help-san-diego-ca.html
speeding-ticket-help-san-diego-ca.html,Speeding Ticket Help,San Diego,CA,https://ticketcleaning.com/speeding-ticket-help-san-diego-ca.html
traffic-ticket-help-san-jose-ca.html,Traffic Ticket Help,San Jose,CA,https://ticketcleaning.com/traffic-ticket-help-san-jose-ca.html
speeding-ticket-help-san-jose-ca.html,Speeding Ticket Help,San Jose,CA,https://ticketcleaning.com/speeding-ticket-help-san-jose-ca.html
traffic-ticket-help-sacramento-ca.html,Traffic Ticket Help,Sacramento,CA,https://ticketcleaning.com/traffic-ticket-help-sacramento-ca.html
speeding-ticket-help-sacramento-ca.html,Speeding Ticket Help,Sacramento,CA,https://ticketcleaning.com/speeding-ticket-help-sacramento-ca.html
traffic-ticket-help-fresno-ca.html,Traffic Ticket Help,Fresno,CA,https://ticketcleaning.com/traffic-ticket-help-fresno-ca.html
speeding-ticket-help-fresno-ca.html,Speeding Ticket Help,Fresno,CA,https://ticketcleaning.com/speeding-ticket-help-fresno-ca.html
traffic-ticket-help-long-beach-ca.html,Traffic Ticket Help,Long Beach,CA,https://ticketcleaning.com/traffic-ticket-help-long-beach-ca.html
speeding-ticket-help-long-beach-ca.html,Speeding Ticket Help,Long Beach,CA,https://ticketcleaning.com/speeding-ticket-help-long-beach-ca.html
traffic-ticket-help-anaheim-ca.html,Traffic Ticket Help,Anaheim,CA,https://ticketcleaning.com/traffic-ticket-help-anaheim-ca.html
speeding-ticket-help-anaheim-ca.html,Speeding Ticket Help,Anaheim,CA,https://ticketcleaning.com/speeding-ticket-help-anaheim-ca.html
traffic-ticket-help-riverside-ca.html,Traffic Ticket Help,Riverside,CA,https://ticketcleaning.com/traffic-ticket-help-riverside-ca.html
speeding-ticket-help-riverside-ca.html,Speeding Ticket Help,Riverside,CA,https://ticketcleaning.com/speeding-ticket-help-riverside-ca.html
traffic-ticket-help-oakland-ca.html,Traffic Ticket Help,Oakland,CA,https://ticketcleaning.com/traffic-ticket-help-oakland-ca.html
speeding-ticket-help-oakland-ca.html,Speeding Ticket Help,Oakland,CA,https://ticketcleaning.com/speeding-ticket-help-oakland-ca.html
traffic-ticket-help-bakersfield-ca.html,Traffic Ticket Help,Bakersfield,CA,https://ticketcleaning.com/traffic-ticket-help-bakersfield-ca.html
speeding-ticket-help-bakersfield-ca.html,Speeding Ticket Help,Bakersfield,CA,https://ticketcleaning.com/speeding-ticket-help-bakersfield-ca.html
traffic-ticket-help-new-york-city-ny.html,Traffic Ticket Help,New York City,NY,https://ticketcleaning.com/traffic-ticket-help-new-york-city-ny.html
speeding-ticket-help-new-york-city-ny.html,Speeding Ticket Help,New York City,NY,https://ticketcleaning.com/speeding-ticket-help-new-york-city-ny.html
traffic-ticket-help-brooklyn-ny.html,Traffic Ticket Help,Brooklyn,NY,https://ticketcleaning.com/traffic-ticket-help-brooklyn-ny.html
speeding-ticket-help-brooklyn-ny.html,Speeding Ticket Help,Brooklyn,NY,https://ticketcleaning.com/speeding-ticket-help-brooklyn-ny.html
traffic-ticket-help-queens-ny.html,Traffic Ticket Help,Queens,NY,https://ticketcleaning.com/traffic-ticket-help-queens-ny.html
speeding-ticket-help-queens-ny.html,Speeding Ticket Help,Queens,NY,https://ticketcleaning.com/speeding-ticket-help-queens-ny.html
traffic-ticket-help-bronx-ny.html,Traffic Ticket Help,Bronx,NY,https://ticketcleaning.com/traffic-ticket-help-bronx-ny.html
speeding-ticket-help-bronx-ny.html,Speeding Ticket Help,Bronx,NY,https://ticketcleaning.com/speeding-ticket-help-bronx-ny.html
traffic-ticket-help-buffalo-ny.html,Traffic Ticket Help,Buffalo,NY,https://ticketcleaning.com/traffic-ticket-help-buffalo-ny.html
speeding-ticket-help-buffalo-ny.html,Speeding Ticket Help,Buffalo,NY,https://ticketcleaning.com/speeding-ticket-help-buffalo-ny.html
traffic-ticket-help-chicago-il.html,Traffic Ticket Help,Chicago,IL,https://ticketcleaning.com/traffic-ticket-help-chicago-il.html
speeding-ticket-help-chicago-il.html,Speeding Ticket Help,Chicago,IL,https://ticketcleaning.com/speeding-ticket-help-chicago-il.html
traffic-ticket-help-aurora-il.html,Traffic Ticket Help,Aurora,IL,https://ticketcleaning.com/traffic-ticket-help-aurora-il.html
speeding-ticket-help-aurora-il.html,Speeding Ticket Help,Aurora,IL,https://ticketcleaning.com/speeding-ticket-help-aurora-il.html
traffic-ticket-help-naperville-il.html,Traffic Ticket Help,Naperville,IL,https://ticketcleaning.com/traffic-ticket-help-naperville-il.html
speeding-ticket-help-naperville-il.html,Speeding Ticket Help,Naperville,IL,https://ticketcleaning.com/speeding-ticket-help-naperville-il.html
traffic-ticket-help-joliet-il.html,Traffic Ticket Help,Joliet,IL,https://ticketcleaning.com/traffic-ticket-help-joliet-il.html
speeding-ticket-help-joliet-il.html,Speeding Ticket Help,Joliet,IL,https://ticketcleaning.com/speeding-ticket-help-joliet-il.html
traffic-ticket-help-rockford-il.html,Traffic Ticket Help,Rockford,IL,https://ticketcleaning.com/traffic-ticket-help-rockford-il.html
speeding-ticket-help-rockford-il.html,Speeding Ticket Help,Rockford,IL,https://ticketcleaning.com/speeding-ticket-help-rockford-il.html
traffic-ticket-help-atlanta-ga.html,Traffic Ticket Help,Atlanta,GA,https://ticketcleaning.com/traffic-ticket-help-atlanta-ga.html
speeding-ticket-help-atlanta-ga.html,Speeding Ticket Help,Atlanta,GA,https://ticketcleaning.com/speeding-ticket-help-atlanta-ga.html
traffic-ticket-help-savannah-ga.html,Traffic Ticket Help,Savannah,GA,https://ticketcleaning.com/traffic-ticket-help-savannah-ga.html
speeding-ticket-help-savannah-ga.html,Speeding Ticket Help,Savannah,GA,https://ticketcleaning.com/speeding-ticket-help-savannah-ga.html
traffic-ticket-help-augusta-ga.html,Traffic Ticket Help,Augusta,GA,https://ticketcleaning.com/traffic-ticket-help-augusta-ga.html
speeding-ticket-help-augusta-ga.html,Speeding Ticket Help,Augusta,GA,https://ticketcleaning.com/speeding-ticket-help-augusta-ga.html
traffic-ticket-help-columbus-ga.html,Traffic Ticket Help,Columbus,GA,https://ticketcleaning.com/traffic-ticket-help-columbus-ga.html
speeding-ticket-help-columbus-ga.html,Speeding Ticket Help,Columbus,GA,https://ticketcleaning.com/speeding-ticket-help-columbus-ga.html
traffic-ticket-help-macon-ga.html,Traffic Ticket Help,Macon,GA,https://ticketcleaning.com/traffic-ticket-help-macon-ga.html
speeding-ticket-help-macon-ga.html,Speeding Ticket Help,Macon,GA,https://ticketcleaning.com/speeding-ticket-help-macon-ga.html
traffic-ticket-help-phoenix-az.html,Traffic Ticket Help,Phoenix,AZ,https://ticketcleaning.com/traffic-ticket-help-phoenix-az.html
speeding-ticket-help-phoenix-az.html,Speeding Ticket Help,Phoenix,AZ,https://ticketcleaning.com/speeding-ticket-help-phoenix-az.html
traffic-ticket-help-mesa-az.html,Traffic Ticket Help,Mesa,AZ,https://ticketcleaning.com/traffic-ticket-help-mesa-az.html
speeding-ticket-help-mesa-az.html,Speeding Ticket Help,Mesa,AZ,https://ticketcleaning.com/speeding-ticket-help-mesa-az.html
traffic-ticket-help-scottsdale-az.html,Traffic Ticket Help,Scottsdale,AZ,https://ticketcleaning.com/traffic-ticket-help-scottsdale-az.html
speeding-ticket-help-scottsdale-az.html,Speeding Ticket Help,Scottsdale,AZ,https://ticketcleaning.com/speeding-ticket-help-scottsdale-az.html
traffic-ticket-help-tucson-az.html,Traffic Ticket Help,Tucson,AZ,https://ticketcleaning.com/traffic-ticket-help-tucson-az.html
speeding-ticket-help-tucson-az.html,Speeding Ticket Help,Tucson,AZ,https://ticketcleaning.com/speeding-ticket-help-tucson-az.html
traffic-ticket-help-glendale-az.html,Traffic Ticket Help,Glendale,AZ,https://ticketcleaning.com/traffic-ticket-help-glendale-az.html
speeding-ticket-help-glendale-az.html,Speeding Ticket Help,Glendale,AZ,https://ticketcleaning.com/speeding-ticket-help-glendale-az.html
